pregnancies,glucose,blood_pressure,skin_thickness,insulin,bmi,diabetes_pedigree,age,outcome
6,148,72,35,0,33.6,0.627,50,1
1,85,66,29,0,26.6,0.351,31,0
8,183,64,0,0,23.3,0.672,32,1
1,89,66,23,94,28.1,0.167,21,0
0,137,40,35,168,43.1,2.288,33,1
5,116,74,0,0,25.6,0.201,30,0
3,78,50,32,88,31.0,0.248,26,1
10,115,0,0,0,35.3,0.134,29,0
2,197,70,45,543,30.5,0.158,53,1
8,125,96,0,0,0.0,0.232,54,1
4,110,92,0,0,37.6,0.191,30,0
10,168,74,0,0,38.0,0.537,34,1
10,139,80,0,0,27.1,1.441,57,0
1,189,60,23,846,30.1,0.398,59,1
5,166,72,19,175,25.8,0.587,51,1
7,100,0,0,0,30.0,0.484,32,1
0,118,84,47,230,45.8,0.551,31,1
7,107,74,0,0,29.6,0.254,31,1
1,103,30,38,83,43.3,0.183,33,0
1,115,70,30,96,34.6,0.529,32,1
3,126,88,41,235,39.3,0.704,27,0
8,99,84,0,0,35.4,0.388,50,0
7,196,90,0,0,39.8,0.451,41,1
9,119,80,35,0,29.0,0.263,29,1
11,143,94,33,146,36.6,0.254,51,1
10,125,70,26,115,31.1,0.205,41,1
7,147,76,0,0,39.4,0.257,43,1
1,97,66,15,140,23.2,0.487,22,0
13,145,82,19,110,22.2,0.245,57,0
5,117,92,0,0,34.1,0.337,38,0
5,109,75,26,0,36.0,0.546,60,0
3,158,76,36,245,31.6,0.851,28,1
3,88,58,11,54,24.8,0.267,22,0
6,92,92,0,0,19.9,0.188,28,0
10,122,78,31,0,27.6,0.512,45,0
4,103,60,33,192,24.0,0.966,33,0
11,138,76,0,0,33.2,0.420,35,0
9,102,76,37,0,32.9,0.665,46,1
2,90,68,42,0,38.2,0.503,27,1
4,111,72,47,207,37.1,1.390,56,1
3,180,64,25,70,34.0,0.271,26,0
7,133,84,0,0,40.2,0.696,37,0
7,106,92,18,0,22.7,0.235,48,0
9,171,110,24,240,45.4,0.721,54,1
7,159,64,0,0,27.4,0.294,40,0
0,180,66,39,0,42.0,1.893,25,1
1,146,56,0,0,29.7,0.564,29,0
2,71,70,27,0,28.0,0.586,22,0
7,103,66,32,0,39.1,0.344,31,1
7,105,0,0,0,0.0,0.305,24,0
1,103,80,11,82,19.4,0.491,22,0
1,101,50,15,36,24.2,0.526,26,0
5,88,66,21,23,24.4,0.342,30,0
8,176,90,34,300,33.7,0.467,58,1
7,150,66,42,342,34.7,0.718,42,0
7,73,77,0,0,21.1,0.258,43,0
7,187,68,39,0,37.7,0.254,41,1
0,100,88,60,110,46.8,0.962,21,0
0,146,82,0,0,40.5,1.781,44,0
0,105,64,41,142,41.5,0.173,22,0
2,84,0,0,0,0.0,0.304,21,0
8,133,72,0,0,32.9,0.270,39,1
5,44,62,0,0,25.0,0.587,36,0
2,141,58,34,128,25.4,0.699,24,0
7,114,66,0,0,32.8,0.258,42,1
0,102,98,0,0,32.9,0.665,41,1
2,90,68,42,0,38.2,0.503,27,1
4,111,72,47,207,37.1,1.390,56,1
3,180,64,25,70,34.0,0.271,26,0
7,133,84,0,0,40.2,0.696,37,0
7,106,92,18,0,22.7,0.235,48,0
9,171,110,24,240,45.4,0.721,54,1
7,159,64,0,0,27.4,0.294,40,0
0,180,66,39,0,42.0,1.893,25,1
1,146,56,0,0,29.7,0.564,29,0
2,71,70,27,0,28.0,0.586,22,0
7,103,66,32,0,39.1,0.344,31,1
7,105,0,0,0,0.0,0.305,24,0
1,103,80,11,82,19.4,0.491,22,0
1,101,50,15,36,24.2,0.526,26,0
5,88,66,21,23,24.4,0.342,30,0
8,176,90,34,300,33.7,0.467,58,1
7,150,66,42,342,34.7,0.718,42,0
7,73,77,0,0,21.1,0.258,43,0
7,187,68,39,0,37.7,0.254,41,1
0,100,88,60,110,46.8,0.962,21,0
0,146,82,0,0,40.5,1.781,44,0
0,105,64,41,142,41.5,0.173,22,0
2,84,0,0,0,0.0,0.304,21,0
8,133,72,0,0,32.9,0.270,39,1
5,44,62,0,0,25.0,0.587,36,0
2,141,58,34,128,25.4,0.699,24,0
7,114,66,0,0,32.8,0.258,42,1
0,102,98,0,0,32.9,0.665,41,1
2,90,68,42,0,38.2,0.503,27,1
4,111,72,47,207,37.1,1.390,56,1
3,180,64,25,70,34.0,0.271,26,0
7,133,84,0,0,40.2,0.696,37,0
7,106,92,18,0,22.7,0.235,48,0
9,171,110,24,240,45.4,0.721,54,1
7,159,64,0,0,27.4,0.294,40,0
0,180,66,39,0,42.0,1.893,25,1
1,146,56,0,0,29.7,0.564,29,0
2,71,70,27,0,28.0,0.586,22,0
7,103,66,32,0,39.1,0.344,31,1
7,105,0,0,0,0.0,0.305,24,0
1,103,80,11,82,19.4,0.491,22,0
1,101,50,15,36,24.2,0.526,26,0
5,88,66,21,23,24.4,0.342,30,0
8,176,90,34,300,33.7,0.467,58,1
7,150,66,42,342,34.7,0.718,42,0
7,73,77,0,0,21.1,0.258,43,0
7,187,68,39,0,37.7,0.254,41,1
0,100,88,60,110,46.8,0.962,21,0
0,146,82,0,0,40.5,1.781,44,0
0,105,64,41,142,41.5,0.173,22,0
2,84,0,0,0,0.0,0.304,21,0
8,133,72,0,0,32.9,0.270,39,1
5,44,62,0,0,25.0,0.587,36,0
2,141,58,34,128,25.4,0.699,24,0
7,114,66,0,0,32.8,0.258,42,1
0,109,60,8,160,35.4,0.188,60,0
2,139,75,0,0,25.6,0.167,29,0
1,0,48,20,0,24.7,0.140,22,0
7,62,78,0,0,32.6,0.391,41,0
5,95,72,33,0,37.7,0.370,40,0
0,131,0,0,0,43.2,0.270,26,1
2,112,66,22,0,25.0,0.307,24,0
3,113,50,10,85,29.5,0.626,42,0
2,74,0,0,0,0.0,0.102,22,0
7,83,78,26,71,29.3,0.767,36,0
0,101,65,28,0,24.6,0.238,22,0
5,137,108,0,0,48.8,0.227,37,1
2,110,92,0,0,37.6,0.191,30,0
13,106,72,54,0,36.6,0.178,45,0
12,140,82,43,325,39.2,0.528,58,1
13,153,88,37,140,40.6,1.174,39,0
12,100,84,33,105,30.0,0.488,46,0
4,129,86,20,270,35.1,0.231,23,0
1,79,60,42,48,43.5,0.678,23,0
3,61,82,28,0,34.4,0.243,46,0
1,90,62,12,43,27.2,0.580,24,0
3,102,74,0,0,29.5,0.121,32,0
0,173,78,32,265,46.5,1.159,58,0
4,99,68,38,0,32.8,0.145,33,0
3,163,70,18,105,31.6,0.268,28,1
6,166,74,0,0,26.6,0.304,66,0
2,110,74,29,240,32.4,0.383,27,0
2,139,52,42,168,46.0,0.688,26,1
1,109,56,21,160,25.2,0.833,35,0
4,85,58,22,49,27.8,0.306,28,0
8,120,78,0,0,25.0,0.409,64,0
1,100,66,15,56,23.6,0.666,26,0
0,138,60,35,167,34.6,0.534,21,1
4,118,70,0,0,44.5,0.904,26,0
7,145,82,18,0,32.5,0.235,31,1
9,156,86,28,155,34.3,1.189,42,1
5,136,82,0,0,0.0,0.640,69,0
0,107,60,25,0,26.4,0.133,23,0
1,149,68,29,127,29.3,0.349,42,1
5,117,86,30,105,39.1,0.251,42,0
1,111,94,0,0,32.8,0.265,45,0
4,112,78,40,0,39.4,0.236,38,0
1,116,78,29,180,36.1,0.496,25,0
0,141,84,26,0,32.4,0.433,22,0
2,175,88,0,0,22.9,0.326,22,0
2,92,52,0,0,27.3,0.627,22,0
11,155,76,28,150,33.3,1.353,51,1
3,130,78,23,79,28.4,0.323,34,1
8,109,76,39,114,27.9,0.640,31,1
4,148,60,27,318,30.9,0.150,29,1
4,120,68,0,0,35.0,0.425,54,0
4,110,66,0,0,31.9,0.471,29,0
1,111,86,19,0,30.1,0.143,23,0
3,169,74,19,125,29.9,0.268,31,1
1,68,90,45,58,42.9,0.429,36,0
4,84,90,23,56,39.5,0.159,25,0
9,112,82,24,0,28.2,1.282,50,1
1,119,86,39,220,45.6,0.808,52,1
2,142,82,18,64,24.7,0.761,21,0
3,99,54,19,86,25.6,0.154,24,0
3,67,96,0,0,38.1,0.381,30,0
0,173,78,32,265,46.5,1.159,58,0
4,99,68,38,0,32.8,0.145,33,0
3,163,70,18,105,31.6,0.268,28,1
6,166,74,0,0,26.6,0.304,66,0
2,110,74,29,240,32.4,0.383,27,0
2,139,52,42,168,46.0,0.688,26,1
1,109,56,21,160,25.2,0.833,35,0
4,85,58,22,49,27.8,0.306,28,0
8,120,78,0,0,25.0,0.409,64,0
1,100,66,15,56,23.6,0.666,26,0
0,138,60,35,167,34.6,0.534,21,1
4,118,70,0,0,44.5,0.904,26,0
7,145,82,18,0,32.5,0.235,31,1
9,156,86,28,155,34.3,1.189,42,1
5,136,82,0,0,0.0,0.640,69,0
0,107,60,25,0,26.4,0.133,23,0
1,149,68,29,127,29.3,0.349,42,1
5,117,86,30,105,39.1,0.251,42,0
1,111,94,0,0,32.8,0.265,45,0
4,112,78,40,0,39.4,0.236,38,0
1,116,78,29,180,36.1,0.496,25,0
0,141,84,26,0,32.4,0.433,22,0
2,175,88,0,0,22.9,0.326,22,0
2,92,52,0,0,27.3,0.627,22,0
11,155,76,28,150,33.3,1.353,51,1
3,130,78,23,79,28.4,0.323,34,1
8,109,76,39,114,27.9,0.640,31,1
4,148,60,27,318,30.9,0.150,29,1
4,120,68,0,0,35.0,0.425,54,0
4,110,66,0,0,31.9,0.471,29,0
1,111,86,19,0,30.1,0.143,23,0
3,169,74,19,125,29.9,0.268,31,1
1,68,90,45,58,42.9,0.429,36,0
4,84,90,23,56,39.5,0.159,25,0
9,112,82,24,0,28.2,1.282,50,1
1,119,86,39,220,45.6,0.808,52,1
2,142,82,18,64,24.7,0.761,21,0
3,99,54,19,86,25.6,0.154,24,0
3,67,96,0,0,38.1,0.381,30,0
