age,gender,chest_pain,resting_bp,cholesterol,fasting_blood_sugar,rest_ecg,max_heart_rate,exercise_angina,oldpeak,st_slope,major_vessels,thalassemia,target
41,0,1,116,190,0,0,172,0,0.0,2,0,2,0
44,1,2,118,210,0,1,175,0,0.2,2,0,2,0
37,1,2,130,220,0,1,170,0,0.0,2,0,2,0
48,0,2,120,215,0,1,165,0,0.0,2,0,2,0
51,0,2,125,210,0,1,168,0,0.4,2,0,2,0
45,1,1,120,225,0,0,168,0,0.0,2,0,2,0
35,0,0,110,180,0,0,180,0,0.0,2,0,2,0
42,1,1,120,200,0,1,172,0,0.2,2,0,2,0
43,1,0,115,210,0,1,175,0,0.0,2,0,2,0
49,1,1,120,210,0,1,160,0,0.0,2,0,2,0
39,0,2,110,195,0,1,170,0,0.0,2,0,2,0
46,1,1,120,220,0,0,165,0,0.0,2,0,2,0
50,0,1,120,210,0,1,162,0,0.2,2,0,2,0
34,1,1,118,198,0,0,174,0,0.0,2,0,2,0
40,1,1,115,205,0,1,178,0,0.0,2,0,2,0
47,1,2,120,220,0,0,160,0,0.2,2,0,2,0
52,1,1,120,215,0,1,168,0,0.2,2,0,2,0
43,0,0,118,208,0,0,165,0,0.0,2,0,2,0
48,1,1,122,215,0,0,170,0,0.2,2,0,2,0
38,1,2,120,200,0,1,172,0,0.0,2,0,2,0
54,1,0,135,240,0,0,150,0,1.2,1,1,2,0
57,0,1,138,235,0,1,148,0,0.8,1,0,2,0
59,1,0,140,245,1,0,142,1,1.5,1,1,2,0
42,0,2,115,195,0,1,168,0,0.0,2,0,2,0
45,0,1,120,212,0,0,170,0,0.2,2,0,2,0
41,1,1,120,218,0,1,165,0,0.0,2,0,2,0
44,0,2,118,204,0,1,168,0,0.0,2,0,2,0
39,1,2,120,210,0,1,175,0,0.0,2,0,2,0
47,0,2,120,205,0,0,162,0,0.0,2,0,2,0
50,1,2,122,218,0,1,165,0,0.2,2,0,2,0
43,1,1,115,200,0,0,170,0,0.0,2,0,2,0
46,0,1,118,212,0,1,166,0,0.0,2,0,2,0
36,1,1,115,190,0,0,178,0,0.0,2,0,2,0
42,1,2,120,210,0,1,172,0,0.2,2,0,2,0
48,0,2,122,215,0,1,164,0,0.0,2,0,2,0
45,1,1,118,205,0,0,168,0,0.0,2,0,2,0
41,0,1,115,198,0,1,170,0,0.0,2,0,2,0
51,0,2,120,218,0,1,162,0,0.2,2,0,2,0
43,1,2,122,210,0,0,169,0,0.0,2,0,2,0
37,0,2,112,190,0,1,175,0,0.0,2,0,2,0
44,1,1,118,208,0,1,166,0,0.0,2,0,2,0
49,0,2,120,214,0,0,160,0,0.2,2,0,2,0
40,0,1,115,195,0,1,172,0,0.0,2,0,2,0
47,1,2,122,220,0,1,164,0,0.0,2,0,2,0
42,1,0,118,202,0,0,170,0,0.0,2,0,2,0
46,1,2,120,215,0,1,168,0,0.2,2,0,2,0
38,0,1,112,192,0,0,176,0,0.0,2,0,2,0
50,0,2,122,218,0,1,162,0,0.0,2,0,2,0
43,1,1,116,204,0,1,168,0,0.0,2,0,2,0
48,1,2,120,216,0,0,164,0,0.2,2,0,2,0
41,1,1,115,198,0,1,172,0,0.0,2,0,2,0
45,0,2,120,210,0,1,165,0,0.0,2,0,2,0
39,1,1,114,195,0,0,174,0,0.0,2,0,2,0
58,1,0,155,290,1,1,110,1,3.2,1,2,3,1
62,1,0,160,310,1,2,105,1,3.6,0,3,3,1
65,0,0,165,320,1,1,115,1,2.8,1,2,3,1
60,1,0,150,285,1,2,120,1,3.0,1,2,3,1
57,1,0,158,295,1,1,112,1,3.4,0,2,3,1
63,0,0,162,330,1,2,108,1,4.0,1,3,3,1
59,1,0,152,280,0,1,118,1,2.6,1,2,3,1
64,1,0,168,340,1,2,102,1,4.2,0,3,3,1
61,0,0,155,305,1,1,114,1,3.1,1,2,3,1
56,1,0,148,275,1,1,122,1,2.4,1,2,3,1
66,1,0,170,350,1,2,98,1,4.5,0,3,3,1
58,0,0,152,290,0,1,116,1,2.8,1,2,3,1
62,1,0,164,315,1,2,106,1,3.8,0,2,3,1
55,1,0,146,270,1,1,125,1,2.2,1,1,3,1
67,1,0,175,360,1,2,95,1,4.8,0,3,3,1
60,0,0,158,300,1,1,110,1,3.2,1,2,3,1
58,1,0,150,285,1,2,118,1,2.9,1,2,3,1
63,1,0,165,325,1,1,105,1,3.7,0,3,3,1
61,1,0,154,292,0,1,115,1,2.7,1,2,3,1
57,0,0,148,280,1,2,120,1,2.5,1,2,3,1
65,1,0,172,345,1,2,100,1,4.4,0,3,3,1
59,0,0,156,298,1,1,112,1,3.3,1,2,3,1
62,1,0,160,310,1,2,108,1,3.5,0,2,3,1
56,0,0,145,268,0,1,124,1,2.1,1,1,3,1
68,1,0,178,365,1,2,92,1,5.0,0,3,3,1
60,1,0,152,288,1,1,116,1,3.0,1,2,3,1
58,0,0,150,282,1,2,115,1,2.8,1,2,3,1
64,1,0,166,335,1,1,104,1,4.0,0,3,3,1
61,1,0,155,295,0,2,112,1,3.2,1,2,3,1
57,1,0,148,276,1,1,120,1,2.4,1,2,3,1
66,0,0,168,340,1,2,98,1,4.2,0,3,3,1
59,1,0,154,290,1,1,114,1,3.1,1,2,3,1
63,1,0,162,320,1,2,106,1,3.6,0,2,3,1
55,0,0,144,265,0,1,122,1,2.0,1,1,3,1
67,0,0,174,355,1,2,96,1,4.6,0,3,3,1
60,1,0,156,294,1,1,110,1,3.3,1,2,3,1
58,1,0,150,284,1,2,117,1,2.7,1,2,3,1
65,1,0,170,342,1,1,102,1,4.1,0,3,3,1
61,0,0,153,290,0,1,115,1,2.9,1,2,3,1
56,1,0,146,272,1,2,121,1,2.3,1,2,3,1
68,0,0,176,360,1,2,94,1,4.8,0,3,3,1
59,1,0,155,292,1,1,112,1,3.2,1,2,3,1
62,0,0,160,312,1,2,107,1,3.5,0,2,3,1
54,1,0,142,260,0,1,126,1,1.9,1,1,3,1
66,1,0,172,348,1,2,97,1,4.4,0,3,3,1
60,0,0,154,288,1,1,114,1,3.0,1,2,3,1
57,1,0,148,278,1,2,118,1,2.6,1,2,3,1
64,0,0,164,330,1,1,105,1,3.8,0,3,3,1
52,1,0,132,238,0,1,146,0,1.0,2,1,2,1
55,0,0,135,242,1,0,140,1,1.4,1,1,3,1
61,1,0,152,286,0,2,116,1,2.8,1,2,3,1
58,1,0,150,280,1,1,119,1,2.5,1,2,3,1
