radius_mean,texture_mean,perimeter_mean,area_mean,smoothness_mean,compactness_mean,concavity_mean,concave_points_mean,symmetry_mean,fractal_dimension_mean,diagnosis
17.99,10.38,122.8,1001.0,0.1184,0.2776,0.3001,0.1471,0.2419,0.07871,1
20.57,17.77,132.9,1326.0,0.08474,0.07864,0.0869,0.07017,0.1812,0.05667,1
19.69,21.25,130.0,1203.0,0.1096,0.1599,0.1974,0.1279,0.2069,0.05999,1
11.42,20.38,77.58,386.1,0.1425,0.2839,0.2414,0.1052,0.2597,0.09744,1
20.29,14.34,135.1,1297.0,0.1003,0.1328,0.198,0.1043,0.1809,0.05883,1
12.45,15.7,82.57,477.1,0.1278,0.17,0.1578,0.08089,0.2087,0.07613,1
18.25,19.98,119.6,1040.0,0.09463,0.109,0.1127,0.074,0.1794,0.05742,1
13.71,20.83,90.2,577.9,0.1189,0.1645,0.09366,0.05985,0.2196,0.07451,1
13.0,21.82,87.5,519.8,0.1273,0.1932,0.1859,0.09353,0.235,0.07389,1
12.46,24.04,83.97,475.9,0.1186,0.2396,0.2273,0.08543,0.203,0.08243,1
16.02,23.24,102.7,797.8,0.08206,0.06669,0.03299,0.03323,0.1528,0.05697,1
15.78,17.89,103.6,781.0,0.0971,0.1292,0.09954,0.06606,0.1842,0.06082,1
19.17,24.8,132.4,1123.0,0.0974,0.2458,0.2065,0.1118,0.2397,0.078,1
15.85,23.95,103.7,782.7,0.08401,0.1002,0.09938,0.05364,0.1847,0.05338,1
13.73,22.61,93.6,578.3,0.1131,0.2293,0.2128,0.08025,0.2069,0.07682,1
14.54,27.54,96.73,658.8,0.1139,0.1595,0.1639,0.07364,0.2303,0.07077,1
14.68,20.13,94.74,684.5,0.09867,0.072,0.07395,0.05259,0.1586,0.05922,1
16.13,20.68,108.1,798.8,0.117,0.2022,0.1722,0.1028,0.2164,0.07356,1
19.81,22.15,130.0,1260.0,0.09831,0.1027,0.1479,0.09498,0.1582,0.05395,1
13.54,14.36,87.46,566.3,0.09779,0.08129,0.06664,0.04781,0.1885,0.05766,0
13.08,15.71,85.63,520.0,0.1075,0.127,0.04568,0.0311,0.1967,0.06811,0
9.504,12.44,60.34,273.9,0.1024,0.06492,0.02956,0.02076,0.1815,0.06905,0
15.34,14.26,102.5,704.4,0.1073,0.2135,0.2077,0.09756,0.2521,0.07032,1
21.16,23.04,137.2,1404.0,0.09428,0.1022,0.1097,0.08632,0.1769,0.05278,1
16.65,21.38,110.0,904.6,0.1121,0.1457,0.1525,0.0917,0.1995,0.0633,1
17.14,16.4,116.0,912.7,0.1186,0.2276,0.2229,0.1401,0.304,0.07413,1
14.58,21.53,97.41,644.8,0.1054,0.1868,0.1425,0.08783,0.2252,0.06924,1
18.61,20.25,122.1,1094.0,0.0944,0.1066,0.149,0.07731,0.1697,0.05699,1
15.3,25.27,102.4,732.4,0.1082,0.1697,0.1683,0.08751,0.1926,0.0654,1
17.57,15.05,115.0,955.1,0.09847,0.1157,0.09875,0.07953,0.1739,0.06149,1
18.63,25.11,124.8,1088.0,0.1064,0.1887,0.2319,0.1244,0.2183,0.06197,1
11.84,18.7,77.93,440.6,0.1109,0.1516,0.1218,0.05182,0.2301,0.07799,1
17.02,23.98,112.8,899.3,0.1197,0.1496,0.2417,0.1203,0.2248,0.06382,1
19.27,26.47,127.9,1162.0,0.09401,0.1719,0.1657,0.07555,0.1863,0.06212,1
16.13,17.88,107.0,807.2,0.104,0.1559,0.1354,0.07752,0.1998,0.06515,1
16.74,21.59,110.1,869.5,0.0961,0.1336,0.1348,0.06018,0.1896,0.05656,1
14.25,21.72,93.63,633.0,0.09823,0.1098,0.1319,0.05598,0.1885,0.06125,1
13.03,18.42,82.61,523.8,0.08983,0.03766,0.02562,0.02923,0.1467,0.05863,0
14.99,25.2,95.54,698.8,0.09387,0.05131,0.02398,0.02899,0.1565,0.05504,1
13.46,28.21,85.89,562.1,0.07517,0.04726,0.01271,0.007593,0.1589,0.05432,0
13.64,15.6,87.46,571.8,0.07685,0.05859,0.0347,0.02749,0.1588,0.05435,0
10.95,21.35,71.9,371.1,0.1227,0.1218,0.1044,0.05669,0.1895,0.0687,1
19.07,24.81,128.3,1104.0,0.09081,0.219,0.2107,0.09961,0.231,0.06343,1
13.28,20.28,87.32,545.2,0.1041,0.1009,0.07835,0.05604,0.1719,0.06478,1
13.17,21.81,85.42,531.5,0.09714,0.1159,0.07189,0.04349,0.1987,0.06552,1
18.65,17.6,123.7,1076.0,0.1099,0.1686,0.1974,0.1009,0.1907,0.06049,1
14.41,19.73,93.15,641.2,0.09758,0.08591,0.05944,0.03382,0.1589,0.05454,0
13.0,19.22,87.1,520.4,0.08881,0.1345,0.1121,0.05742,0.2349,0.0656,0
12.05,14.63,78.04,449.3,0.1031,0.09092,0.06592,0.02749,0.1675,0.06043,0
13.77,22.29,90.63,588.9,0.12,0.1267,0.1385,0.06526,0.1834,0.06877,1
18.05,16.15,120.2,1006.0,0.1008,0.123,0.1226,0.0984,0.1646,0.05837,1
20.18,19.54,133.8,1250.0,0.1133,0.1489,0.2133,0.1259,0.1724,0.06053,1
12.83,15.7,82.82,506.9,0.0904,0.08269,0.05835,0.03078,0.1705,0.05913,0
13.11,15.56,87.21,530.2,0.1398,0.1765,0.2071,0.09601,0.1925,0.07692,1
12.06,12.74,76.84,448.6,0.09356,0.06248,0.02463,0.01966,0.1587,0.05921,0
11.52,18.75,73.34,409.0,0.09524,0.05473,0.03036,0.02278,0.192,0.05907,0
14.45,20.22,94.49,642.7,0.09872,0.1206,0.118,0.0598,0.175,0.06417,1
12.23,19.56,78.54,457.8,0.09546,0.08087,0.04187,0.04107,0.1973,0.06079,0
14.21,20.28,92.36,621.2,0.1021,0.1109,0.1006,0.07083,0.1812,0.06788,0
12.98,19.35,84.52,514.0,0.0954,0.09874,0.03891,0.03408,0.1582,0.06608,0
12.36,18.54,79.01,466.7,0.08477,0.06815,0.02643,0.01921,0.1602,0.06066,0
8.598,20.98,54.66,221.8,0.1243,0.08963,0.03,0.009259,0.1828,0.06757,0
14.26,19.65,97.83,629.9,0.07837,0.2233,0.3009,0.07798,0.1704,0.07769,0
10.51,20.19,68.64,334.2,0.1122,0.1303,0.06476,0.03068,0.1922,0.07782,0
13.85,19.6,88.68,592.6,0.08684,0.0633,0.01342,0.02293,0.1555,0.05673,0
13.68,16.33,87.76,575.5,0.09277,0.07255,0.01752,0.0188,0.1633,0.05894,0
12.03,17.93,76.09,446.0,0.07683,0.03892,0.001546,0.005592,0.1382,0.0607,0
14.27,15.68,91.63,630.0,0.07798,0.04605,0.01256,0.02076,0.1666,0.05449,0
10.05,17.53,64.41,310.8,0.1007,0.07326,0.02511,0.01775,0.189,0.06331,0
11.61,16.02,75.46,408.2,0.1088,0.1168,0.07097,0.04497,0.1886,0.0632,0
11.8,17.24,75.26,428.9,0.09301,0.079,0.04445,0.01661,0.1905,0.0658,0
14.95,17.57,96.85,678.1,0.1167,0.1305,0.1539,0.08624,0.1957,0.06216,1
12.34,22.22,79.85,464.5,0.1012,0.1015,0.0537,0.02822,0.1851,0.06761,0
14.86,23.21,100.4,671.4,0.1444,0.198,0.1697,0.102,0.236,0.07683,1
12.91,16.33,82.53,516.4,0.07941,0.05366,0.03873,0.02377,0.1829,0.05667,0
13.75,23.77,88.54,590.0,0.08043,0.06807,0.04697,0.02344,0.1773,0.05429,0
19.0,18.91,123.4,1138.0,0.08217,0.08028,0.09271,0.05627,0.1815,0.05288,1
15.1,16.39,99.58,674.5,0.115,0.1807,0.1138,0.08534,0.2001,0.06467,1
19.79,25.12,130.4,1229.0,0.1007,0.1597,0.1822,0.1,0.1869,0.05963,1
12.18,17.84,77.79,451.1,0.1045,0.07057,0.0249,0.02941,0.19,0.06194,0
9.72,18.24,60.73,288.1,0.0695,0.02344,0.0,0.0,0.1653,0.06447,0
12.43,17.0,78.6,477.3,0.09073,0.05858,0.02649,0.02058,0.1518,0.06009,0
11.6,18.36,73.88,412.7,0.08508,0.05855,0.03367,0.02296,0.1785,0.06223,0
13.17,18.66,85.98,534.6,0.1158,0.1231,0.1226,0.0734,0.2128,0.06777,0
12.05,14.63,78.04,449.3,0.1031,0.09092,0.06592,0.02749,0.1675,0.06043,0
13.77,22.29,90.63,588.9,0.12,0.1267,0.1385,0.06526,0.1834,0.06877,1
18.05,16.15,120.2,1006.0,0.1008,0.123,0.1226,0.0984,0.1646,0.05837,1
20.18,19.54,133.8,1250.0,0.1133,0.1489,0.2133,0.1259,0.1724,0.06053,1
12.83,15.7,82.82,506.9,0.0904,0.08269,0.05835,0.03078,0.1705,0.05913,0
13.11,15.56,87.21,530.2,0.1398,0.1765,0.2071,0.09601,0.1925,0.07692,1
12.06,12.74,76.84,448.6,0.09356,0.06248,0.02463,0.01966,0.1587,0.05921,0
11.52,18.75,73.34,409.0,0.09524,0.05473,0.03036,0.02278,0.192,0.05907,0
14.45,20.22,94.49,642.7,0.09872,0.1206,0.118,0.0598,0.175,0.06417,1
12.23,19.56,78.54,457.8,0.09546,0.08087,0.04187,0.04107,0.1973,0.06079,0
14.21,20.28,92.36,621.2,0.1021,0.1109,0.1006,0.07083,0.1812,0.06788,0
12.98,19.35,84.52,514.0,0.0954,0.09874,0.03891,0.03408,0.1582,0.06608,0
12.36,18.54,79.01,466.7,0.08477,0.06815,0.02643,0.01921,0.1602,0.06066,0
8.598,20.98,54.66,221.8,0.1243,0.08963,0.03,0.009259,0.1828,0.06757,0
14.26,19.65,97.83,629.9,0.07837,0.2233,0.3009,0.07798,0.1704,0.07769,0
10.51,20.19,68.64,334.2,0.1122,0.1303,0.06476,0.03068,0.1922,0.07782,0
13.85,19.6,88.68,592.6,0.08684,0.0633,0.01342,0.02293,0.1555,0.05673,0
13.68,16.33,87.76,575.5,0.09277,0.07255,0.01752,0.0188,0.1633,0.05894,0
12.03,17.93,76.09,446.0,0.07683,0.03892,0.001546,0.005592,0.1382,0.0607,0
14.27,15.68,91.63,630.0,0.07798,0.04605,0.01256,0.02076,0.1666,0.05449,0
10.05,17.53,64.41,310.8,0.1007,0.07326,0.02511,0.01775,0.189,0.06331,0
11.61,16.02,75.46,408.2,0.1088,0.1168,0.07097,0.04497,0.1886,0.0632,0
11.8,17.24,75.26,428.9,0.09301,0.079,0.04445,0.01661,0.1905,0.0658,0
14.95,17.57,96.85,678.1,0.1167,0.1305,0.1539,0.08624,0.1957,0.06216,1
12.34,22.22,79.85,464.5,0.1012,0.1015,0.0537,0.02822,0.1851,0.06761,0
14.86,23.21,100.4,671.4,0.1444,0.198,0.1697,0.102,0.236,0.07683,1
12.91,16.33,82.53,516.4,0.07941,0.05366,0.03873,0.02377,0.1829,0.05667,0
13.75,23.77,88.54,590.0,0.08043,0.06807,0.04697,0.02344,0.1773,0.05429,0
19.0,18.91,123.4,1138.0,0.08217,0.08028,0.09271,0.05627,0.1815,0.05288,1
15.1,16.39,99.58,674.5,0.115,0.1807,0.1138,0.08534,0.2001,0.06467,1
19.79,25.12,130.4,1229.0,0.1007,0.1597,0.1822,0.1,0.1869,0.05963,1
12.18,17.84,77.79,451.1,0.1045,0.07057,0.0249,0.02941,0.19,0.06194,0
9.72,18.24,60.73,288.1,0.0695,0.02344,0.0,0.0,0.1653,0.06447,0
12.43,17.0,78.6,477.3,0.09073,0.05858,0.02649,0.02058,0.1518,0.06009,0
11.6,18.36,73.88,412.7,0.08508,0.05855,0.03367,0.02296,0.1785,0.06223,0
13.17,18.66,85.98,534.6,0.1158,0.1231,0.1226,0.0734,0.2128,0.06777,0
